{
    "parents": {
        "adv_correct_positions": [
            0.08791208791208792,
            0.6349206349206349,
            0.3655913978494624,
            0.7567567567567568,
            0.8103448275862069,
            0.8120300751879699,
            0.9875,
            0.81,
            0.5764705882352941,
            0.6470588235294118,
            0.36470588235294116,
            0.2073170731707317,
            0.2153846153846154,
            0.23404255319148937,
            0.43103448275862066,
            0.6206896551724138,
            0.8942307692307693,
            0.9866666666666667,
            0.8979591836734694,
            0.27472527472527475,
            0.5050505050505051,
            0.9734513274336283,
            0.225,
            0.5794392523364486,
            0.5726495726495726,
            0.9343065693430657,
            0.30578512396694213,
            0.6422018348623854,
            0.29245283018867924,
            0.5223880597014925,
            0.8382352941176471,
            0.34074074074074073,
            0.9937106918238994,
            0.13986013986013987,
            0.8897058823529411,
            0.09174311926605505,
            0.46808510638297873,
            0.6853932584269663,
            0.9636363636363636,
            0.5930232558139535,
            0.5436893203883495,
            0.8625,
            0.515625,
            0.5142857142857142,
            0.9230769230769231,
            0.8297872340425532,
            0.4367816091954023,
            0.9072164948453608,
            0.9710144927536232,
            0.7727272727272727,
            0.9910714285714286,
            0.7160493827160493,
            0.9761904761904762,
            0.7066666666666667,
            0.2361111111111111,
            0.4888888888888889,
            0.2835820895522388,
            0.1875,
            0.40404040404040403,
            0.5979381443298969,
            0.7075471698113207
        ],
        "adv_wrong_positions": [
            0.99,
            0.08035714285714286,
            0.9836065573770492,
            0.65,
            0.5294117647058824
        ],
        "control_correct_positions": [
            0.5,
            0.9397590361445783,
            0.5925925925925926,
            0.9452054794520548,
            0.9041095890410958,
            0.9518072289156626,
            0.8068181818181818,
            0.46987951807228917,
            0.4,
            0.9882352941176471,
            0.9368421052631579,
            0.9789473684210527,
            0.9882352941176471,
            0.978494623655914,
            0.8620689655172413,
            0.8910891089108911
        ],
        "control_wrong_positions": [
            0.9879518072289156,
            0.5862068965517241,
            0.21839080459770116
        ],
        "advneural_correct_positions": [],
        "advneural_wrong_positions": []
    },
    "maryland": {
        "adv_correct_positions": [
            0.5882352941176471,
            0.29464285714285715,
            0.9836065573770492,
            0.8509316770186336,
            0.49411764705882355,
            0.31521739130434784,
            0.5128205128205128,
            0.6867469879518072,
            0.6153846153846154,
            0.7698412698412699,
            0.9893617021276596,
            0.7567567567567568,
            0.46551724137931033,
            0.8120300751879699,
            0.87,
            0.7294117647058823,
            0.325,
            0.4883720930232558,
            0.2926829268292683,
            0.3939393939393939,
            0.21505376344086022,
            0.4406779661016949,
            0.45977011494252873,
            0.36538461538461536,
            0.948051948051948,
            0.4489795918367347,
            0.2967032967032967,
            0.5,
            0.415929203539823,
            0.225,
            0.5794392523364486,
            0.5255474452554745,
            0.6115702479338843,
            0.7155963302752294,
            0.5377358490566038,
            0.5223880597014925,
            0.8695652173913043,
            0.5777777777777777,
            0.07746478873239436,
            0.40441176470588236,
            0.3577981651376147,
            0.4574468085106383,
            0.4157303370786517,
            0.9821428571428571,
            0.26744186046511625,
            0.4174757281553398,
            0.35,
            0.8365384615384616,
            0.8461538461538461,
            0.9894736842105263,
            0.3793103448275862,
            0.3711340206185567,
            0.4855072463768116,
            0.7727272727272727,
            0.7297297297297297,
            0.14814814814814814,
            0.6666666666666666,
            0.52,
            0.2777777777777778,
            0.6483516483516484,
            0.8507462686567164
        ],
        "adv_wrong_positions": [
            0.43478260869565216,
            0.9873417721518988,
            0.6144578313253012,
            0.5153846153846153,
            0.990990990990991,
            0.8987341772151899,
            0.23931623931623933,
            0.7151898734177216,
            0.296875
        ],
        "control_correct_positions": [
            0.5,
            0.9397590361445783,
            0.5925925925925926,
            0.9452054794520548,
            0.9041095890410958,
            0.9518072289156626,
            0.8068181818181818,
            0.46987951807228917,
            0.4,
            0.9882352941176471,
            0.9368421052631579,
            0.9789473684210527,
            0.9882352941176471,
            0.978494623655914,
            0.8620689655172413,
            0.8910891089108911,
            0.47619047619047616,
            0.927710843373494,
            0.5679012345679012,
            0.7123287671232876,
            0.8192771084337349,
            0.6363636363636364,
            0.6506024096385542,
            0.6705882352941176,
            0.6190476190476191,
            0.9157894736842105,
            0.3894736842105263,
            0.8709677419354839,
            0.7674418604651163,
            0.801980198019802,
            0.1724137931034483,
            0.735632183908046
        ],
        "control_wrong_positions": [
            0.7534246575342466,
            0.38095238095238093,
            0.45121951219512196
        ],
        "advneural_correct_positions": [],
        "advneural_wrong_positions": []
    },
    "live": {
        "adv_correct_positions": [
            0.37777777777777777,
            0.3409090909090909,
            0.5225225225225225,
            0.3761467889908257,
            0.6375,
            0.11702127659574468,
            0.3333333333333333,
            0.8571428571428571,
            0.15384615384615385,
            0.11627906976744186,
            0.19047619047619047,
            0.7032967032967034,
            0.8602150537634409,
            0.1978021978021978,
            0.4077669902912621,
            0.2361111111111111,
            0.1188118811881188,
            0.10126582278481013,
            0.3855421686746988,
            0.6212121212121212,
            0.41228070175438597,
            0.1888111888111888,
            0.21875,
            0.2868217054263566,
            0.9238095238095239,
            0.23809523809523808,
            0.30578512396694213,
            0.5402298850574713,
            0.16379310344827586,
            0.30327868852459017,
            0.1651376146788991,
            0.30434782608695654
        ],
        "adv_wrong_positions": [
            0.25806451612903225,
            0.3448275862068966,
            0.8686131386861314,
            0.4842105263157895
        ],
        "control_correct_positions": [],
        "control_wrong_positions": [],